Count,Filename_0,Filename_1,Time_0,Time_1,Dev1/ai0,Dev1/ai1,Dev1/ai2,Dev1/ai3,Dev1/ai4,Dev1/ai5,Dev1/ai6,Dev1/ai7,Dev1/ai0_scaled,Dev1/ai1_scaled,Dev1/ai2_scaled,Dev1/ai3_scaled,Dev1/ai4_scaled,Dev1/ai5_scaled,Dev1/ai6_scaled,Dev1/ai7_scaled
0,D:/These Thien/20220111 test_compare_vba_python/70\Test-0000_0.tif,D:/These Thien/20220111 test_compare_vba_python/70\Test-0000_1.tif,130.7061,130.7061,-0.0271,-0.0300,-0.0181,0.0393,-0.0123,0.0177,-0.0065,0.0138,-0.0271,-0.0300,-0.0181,0.0393,-0.0123,0.0177,-0.0065,0.0138
1,D:/These Thien/20220111 test_compare_vba_python/70\Test-0001_0.tif,D:/These Thien/20220111 test_compare_vba_python/70\Test-0001_1.tif,130.7331,130.7330,0.1241,0.0860,0.0403,0.6503,0.4615,0.3745,0.2604,0.2117,0.1241,0.0860,0.0403,0.6503,0.4615,0.3745,0.2604,0.2117
2,D:/These Thien/20220111 test_compare_vba_python/70\Test-0002_0.tif,D:/These Thien/20220111 test_compare_vba_python/70\Test-0002_1.tif,130.7601,130.7599,0.9017,0.7560,0.6623,1.7905,1.5930,1.4728,1.3087,1.1895,0.9017,0.7560,0.6623,1.7905,1.5930,1.4728,1.3087,1.1895
3,D:/These Thien/20220111 test_compare_vba_python/70\Test-0003_0.tif,D:/These Thien/20220111 test_compare_vba_python/70\Test-0003_1.tif,130.7870,130.7868,2.0084,1.8153,1.7573,3.0045,2.8266,2.6829,2.5024,2.3642,2.0084,1.8153,1.7573,3.0045,2.8266,2.6829,2.5024,2.3642
4,D:/These Thien/20220111 test_compare_vba_python/70\Test-0004_0.tif,D:/These Thien/20220111 test_compare_vba_python/70\Test-0004_1.tif,130.8138,130.8139,3.2997,3.0886,2.9649,4.2904,4.0789,3.9352,3.7544,3.6084,3.2997,3.0886,2.9649,4.2904,4.0789,3.9352,3.7544,3.6084
5,D:/These Thien/20220111 test_compare_vba_python/70\Test-0005_0.tif,D:/These Thien/20220111 test_compare_vba_python/70\Test-0005_1.tif,130.8408,130.8407,4.5475,4.3416,4.2394,5.5730,5.3638,5.2224,5.0438,4.8953,4.5475,4.3416,4.2394,5.5730,5.3638,5.2224,5.0438,4.8953
6,D:/These Thien/20220111 test_compare_vba_python/70\Test-0006_0.tif,D:/These Thien/20220111 test_compare_vba_python/70\Test-0006_1.tif,130.8677,130.8676,5.7963,5.5752,5.5137,6.7647,6.5856,6.4599,6.2942,6.1499,5.7963,5.5752,5.5137,6.7647,6.5856,6.4599,6.2942,6.1499
7,D:/These Thien/20220111 test_compare_vba_python/70\Test-0007_0.tif,D:/These Thien/20220111 test_compare_vba_python/70\Test-0007_1.tif,130.8947,130.8945,6.8447,6.6948,6.5914,7.1260,7.0687,7.0600,7.0036,6.9562,6.8447,6.6948,6.5914,7.1260,7.0687,7.0600,7.0036,6.9562
8,D:/These Thien/20220111 test_compare_vba_python/70\Test-0008_0.tif,D:/These Thien/20220111 test_compare_vba_python/70\Test-0008_1.tif,130.9217,130.9215,7.0606,7.0258,7.0061,7.0851,7.0554,7.0844,7.0716,7.0783,7.0606,7.0258,7.0061,7.0851,7.0554,7.0844,7.0716,7.0783
9,D:/These Thien/20220111 test_compare_vba_python/70\Test-0009_0.tif,D:/These Thien/20220111 test_compare_vba_python/70\Test-0009_1.tif,130.9484,130.9485,6.9794,6.9726,6.9907,6.7925,6.8002,6.8679,6.8901,6.9323,6.9794,6.9726,6.9907,6.7925,6.8002,6.8679,6.8901,6.9323
10,D:/These Thien/20220111 test_compare_vba_python/70\Test-0010_0.tif,D:/These Thien/20220111 test_compare_vba_python/70\Test-0010_1.tif,130.9764,130.9763,6.6713,6.7145,6.6842,6.2552,6.2971,6.3883,6.4335,6.5044,6.6713,6.7145,6.6842,6.2552,6.2971,6.3883,6.4335,6.5044
11,D:/These Thien/20220111 test_compare_vba_python/70\Test-0011_0.tif,D:/These Thien/20220111 test_compare_vba_python/70\Test-0011_1.tif,131.0033,131.0033,6.0519,6.1395,6.1698,5.5224,5.5836,5.7074,5.7818,5.8814,6.0519,6.1395,6.1698,5.5224,5.5836,5.7074,5.7818,5.8814
12,D:/These Thien/20220111 test_compare_vba_python/70\Test-0012_0.tif,D:/These Thien/20220111 test_compare_vba_python/70\Test-0012_1.tif,131.0302,131.0303,5.2730,5.3809,5.4325,4.5678,4.6542,4.8063,4.9049,5.0345,5.2730,5.3809,5.4325,4.5678,4.6542,4.8063,4.9049,5.0345
13,D:/These Thien/20220111 test_compare_vba_python/70\Test-0013_0.tif,D:/These Thien/20220111 test_compare_vba_python/70\Test-0013_1.tif,131.0571,131.0572,4.3361,4.4837,4.4873,3.4647,3.5672,3.7415,3.8601,4.0126,4.3361,4.4837,4.4873,3.4647,3.5672,3.7415,3.8601,4.0126
14,D:/These Thien/20220111 test_compare_vba_python/70\Test-0014_0.tif,D:/These Thien/20220111 test_compare_vba_python/70\Test-0014_1.tif,131.0841,131.0841,3.1634,3.3435,3.4128,2.2414,2.3564,2.5527,2.6893,2.8630,3.1634,3.3435,3.4128,2.2414,2.3564,2.5527,2.6893,2.8630
15,D:/These Thien/20220111 test_compare_vba_python/70\Test-0015_0.tif,D:/These Thien/20220111 test_compare_vba_python/70\Test-0015_1.tif,131.1110,131.1110,1.9652,2.1473,2.2149,0.9800,1.0973,1.2987,1.4402,1.6242,1.9652,2.1473,2.2149,0.9800,1.0973,1.2987,1.4402,1.6242
16,D:/These Thien/20220111 test_compare_vba_python/70\Test-0016_0.tif,D:/These Thien/20220111 test_compare_vba_python/70\Test-0016_1.tif,131.1380,131.1380,0.7467,0.9465,0.9655,-0.2446,-0.1328,0.0619,0.1969,0.3806,0.7467,0.9465,0.9655,-0.2446,-0.1328,0.0619,0.1969,0.3806
17,D:/These Thien/20220111 test_compare_vba_python/70\Test-0017_0.tif,D:/These Thien/20220111 test_compare_vba_python/70\Test-0017_1.tif,131.1648,131.1649,-0.3932,-0.2726,-0.2134,-0.9981,-0.9059,-0.7502,-0.6706,-0.5517,-0.3932,-0.2726,-0.2134,-0.9981,-0.9059,-0.7502,-0.6706,-0.5517
18,D:/These Thien/20220111 test_compare_vba_python/70\Test-0018_0.tif,D:/These Thien/20220111 test_compare_vba_python/70\Test-0018_1.tif,131.1918,131.1917,-1.4318,-1.2140,-1.1792,-2.7154,-2.5653,-2.3174,-2.1286,-1.8882,-1.4318,-1.2140,-1.1792,-2.7154,-2.5653,-2.3174,-2.1286,-1.8882
19,D:/These Thien/20220111 test_compare_vba_python/70\Test-0019_0.tif,D:/These Thien/20220111 test_compare_vba_python/70\Test-0019_1.tif,131.2187,131.2197,-2.9227,-2.6884,-2.6291,-3.8808,-3.7789,-3.5898,-3.4563,-3.2662,-2.9227,-2.6884,-2.6291,-3.8808,-3.7789,-3.5898,-3.4563,-3.2662
20,D:/These Thien/20220111 test_compare_vba_python/70\Test-0020_0.tif,D:/These Thien/20220111 test_compare_vba_python/70\Test-0020_1.tif,131.2466,131.2467,-4.0745,-3.8988,-3.8166,-4.8566,-4.7747,-4.6068,-4.4953,-4.3329,-4.0745,-3.8988,-3.8166,-4.8566,-4.7747,-4.6068,-4.4953,-4.3329
21,D:/These Thien/20220111 test_compare_vba_python/70\Test-0021_0.tif,D:/These Thien/20220111 test_compare_vba_python/70\Test-0021_1.tif,131.2735,131.2736,-4.9410,-4.7947,-4.7902,-5.6526,-5.5885,-5.4441,-5.3513,-5.2108,-4.9410,-4.7947,-4.7902,-5.6526,-5.5885,-5.4441,-5.3513,-5.2108
22,D:/These Thien/20220111 test_compare_vba_python/70\Test-0022_0.tif,D:/These Thien/20220111 test_compare_vba_python/70\Test-0022_1.tif,131.3005,131.3005,-5.7564,-5.6201,-5.5862,-6.3278,-6.2736,-6.1450,-6.0674,-5.9446,-5.7564,-5.6201,-5.5862,-6.3278,-6.2736,-6.1450,-6.0674,-5.9446
23,D:/These Thien/20220111 test_compare_vba_python/70\Test-0023_0.tif,D:/These Thien/20220111 test_compare_vba_python/70\Test-0023_1.tif,131.3275,131.3274,-6.3932,-6.2968,-6.2462,-6.8163,-6.7944,-6.6929,-6.6359,-6.5369,-6.3932,-6.2968,-6.2462,-6.8163,-6.7944,-6.6929,-6.6359,-6.5369
24,D:/These Thien/20220111 test_compare_vba_python/70\Test-0024_0.tif,D:/These Thien/20220111 test_compare_vba_python/70\Test-0024_1.tif,131.3543,131.3546,-6.7909,-6.7219,-6.7487,-7.1183,-7.1151,-7.0403,-7.0058,-6.9330,-6.7909,-6.7219,-6.7487,-7.1183,-7.1151,-7.0403,-7.0058,-6.9330
25,D:/These Thien/20220111 test_compare_vba_python/70\Test-0025_0.tif,D:/These Thien/20220111 test_compare_vba_python/70\Test-0025_1.tif,131.3813,131.3812,-7.1238,-7.0700,-7.0571,-7.2733,-7.2930,-7.2398,-7.2260,-7.1737,-7.1238,-7.0700,-7.0571,-7.2733,-7.2930,-7.2398,-7.2260,-7.1737
26,D:/These Thien/20220111 test_compare_vba_python/70\Test-0026_0.tif,D:/These Thien/20220111 test_compare_vba_python/70\Test-0026_1.tif,131.4083,131.4082,-7.2318,-7.2240,-7.2108,-7.2530,-7.2898,-7.2582,-7.2675,-7.2392,-7.2318,-7.2240,-7.2108,-7.2530,-7.2898,-7.2582,-7.2675,-7.2392
27,D:/These Thien/20220111 test_compare_vba_python/70\Test-0027_0.tif,D:/These Thien/20220111 test_compare_vba_python/70\Test-0027_1.tif,131.4351,131.4352,-7.1609,-7.1631,-7.2182,-7.1628,-7.2131,-7.1915,-7.2092,-7.1902,-7.1609,-7.1631,-7.2182,-7.1628,-7.2131,-7.1915,-7.2092,-7.1902
28,D:/These Thien/20220111 test_compare_vba_python/70\Test-0028_0.tif,D:/These Thien/20220111 test_compare_vba_python/70\Test-0028_1.tif,131.4621,131.4620,-7.0606,-7.0848,-7.0925,-6.7532,-6.8653,-6.8879,-6.9465,-6.9639,-7.0606,-7.0848,-7.0925,-6.7532,-6.8653,-6.8879,-6.9465,-6.9639
29,D:/These Thien/20220111 test_compare_vba_python/70\Test-0029_0.tif,D:/These Thien/20220111 test_compare_vba_python/70\Test-0029_1.tif,131.4890,131.4900,-6.6030,-6.6897,-6.7197,-6.1293,-6.2598,-6.3123,-6.4019,-6.4512,-6.6030,-6.6897,-6.7197,-6.1293,-6.2598,-6.3123,-6.4019,-6.4512
30,D:/These Thien/20220111 test_compare_vba_python/70\Test-0030_0.tif,D:/These Thien/20220111 test_compare_vba_python/70\Test-0030_1.tif,131.5170,131.5169,-5.8972,-6.0074,-6.1070,-5.2839,-5.4464,-5.5244,-5.6436,-5.7193,-5.8972,-6.0074,-6.1070,-5.2839,-5.4464,-5.5244,-5.6436,-5.7193
31,D:/These Thien/20220111 test_compare_vba_python/70\Test-0031_0.tif,D:/These Thien/20220111 test_compare_vba_python/70\Test-0031_1.tif,131.5438,131.5439,-5.0819,-5.2208,-5.2727,-4.2556,-4.4348,-4.5421,-4.6887,-4.7896,-5.0819,-5.2208,-5.2727,-4.2556,-4.4348,-4.5421,-4.6887,-4.7896
32,D:/These Thien/20220111 test_compare_vba_python/70\Test-0032_0.tif,D:/These Thien/20220111 test_compare_vba_python/70\Test-0032_1.tif,131.5708,131.5707,-3.9984,-4.1805,-4.2646,-3.0732,-3.2804,-3.4041,-3.5720,-3.6919,-3.9984,-4.1805,-4.2646,-3.0732,-3.2804,-3.4041,-3.5720,-3.6919
33,D:/These Thien/20220111 test_compare_vba_python/70\Test-0033_0.tif,D:/These Thien/20220111 test_compare_vba_python/70\Test-0033_1.tif,131.5978,131.5977,-2.8008,-2.9862,-3.1183,-1.8112,-2.0364,-2.1760,-2.3571,-2.4895,-2.8008,-2.9862,-3.1183,-1.8112,-2.0364,-2.1760,-2.3571,-2.4895
34,D:/These Thien/20220111 test_compare_vba_python/70\Test-0034_0.tif,D:/These Thien/20220111 test_compare_vba_python/70\Test-0034_1.tif,131.6247,131.6246,-1.5991,-1.7976,-1.8676,-0.5550,-0.7699,-0.9027,-1.0825,-1.2182,-1.5991,-1.7976,-1.8676,-0.5550,-0.7699,-0.9027,-1.0825,-1.2182
35,D:/These Thien/20220111 test_compare_vba_python/70\Test-0035_0.tif,D:/These Thien/20220111 test_compare_vba_python/70\Test-0035_1.tif,131.6517,131.6515,-0.3477,-0.5443,-0.6468,0.2701,0.1772,0.1305,0.0116,-0.0799,-0.3477,-0.5443,-0.6468,0.2701,0.1772,0.1305,0.0116,-0.0799
36,D:/These Thien/20220111 test_compare_vba_python/70\Test-0036_0.tif,D:/These Thien/20220111 test_compare_vba_python/70\Test-0036_1.tif,131.6785,131.6786,0.3126,0.2265,0.1463,1.1141,0.8608,0.7228,0.5678,0.4821,0.3126,0.2265,0.1463,1.1141,0.8608,0.7228,0.5678,0.4821
37,D:/These Thien/20220111 test_compare_vba_python/70\Test-0037_0.tif,D:/These Thien/20220111 test_compare_vba_python/70\Test-0037_1.tif,131.7055,131.7054,1.5195,1.2684,1.1859,2.9104,2.6577,2.4670,2.2282,2.0222,1.5195,1.2684,1.1859,2.9104,2.6577,2.4670,2.2282,2.0222
38,D:/These Thien/20220111 test_compare_vba_python/70\Test-0038_0.tif,D:/These Thien/20220111 test_compare_vba_python/70\Test-0038_1.tif,131.7324,131.7323,3.1399,2.8923,2.7680,4.0625,3.8875,3.7738,3.6104,3.4705,3.1399,2.8923,2.7680,4.0625,3.8875,3.7738,3.6104,3.4705
39,D:/These Thien/20220111 test_compare_vba_python/70\Test-0039_0.tif,D:/These Thien/20220111 test_compare_vba_python/70\Test-0039_1.tif,131.7592,131.7602,4.2407,4.0719,3.9658,4.9623,4.8086,4.7209,4.5891,4.4853,4.2407,4.0719,3.9658,4.9623,4.8086,4.7209,4.5891,4.4853
40,D:/These Thien/20220111 test_compare_vba_python/70\Test-0040_0.tif,D:/These Thien/20220111 test_compare_vba_python/70\Test-0040_1.tif,131.7872,131.7872,5.0448,4.9033,4.8724,5.6484,5.5217,5.4576,5.3516,5.2726,5.0448,4.9033,4.8724,5.6484,5.5217,5.4576,5.3516,5.2726
41,D:/These Thien/20220111 test_compare_vba_python/70\Test-0041_0.tif,D:/These Thien/20220111 test_compare_vba_python/70\Test-0041_1.tif,131.8142,131.8141,5.7747,5.6455,5.5698,6.2417,6.1267,6.0757,5.9832,5.9156,5.7747,5.6455,5.5698,6.2417,6.1267,6.0757,5.9832,5.9156
42,D:/These Thien/20220111 test_compare_vba_python/70\Test-0042_0.tif,D:/These Thien/20220111 test_compare_vba_python/70\Test-0042_1.tif,131.8411,131.8410,6.3078,6.2166,6.1508,6.6474,6.5627,6.5359,6.4673,6.4219,6.3078,6.2166,6.1508,6.6474,6.5627,6.5359,6.4673,6.4219
43,D:/These Thien/20220111 test_compare_vba_python/70\Test-0043_0.tif,D:/These Thien/20220111 test_compare_vba_python/70\Test-0043_1.tif,131.8679,131.8680,6.6336,6.5611,6.5608,6.9107,6.7889,6.7912,6.7493,6.7274,6.6336,6.5611,6.5608,6.9107,6.7889,6.7912,6.7493,6.7274
44,D:/These Thien/20220111 test_compare_vba_python/70\Test-0044_0.tif,D:/These Thien/20220111 test_compare_vba_python/70\Test-0044_1.tif,131.8949,131.8949,6.8901,6.8350,6.7802,6.9620,6.9127,6.9246,6.8966,6.8901,6.8901,6.8350,6.7802,6.9620,6.9127,6.9246,6.8966,6.8901
45,D:/These Thien/20220111 test_compare_vba_python/70\Test-0045_0.tif,D:/These Thien/20220111 test_compare_vba_python/70\Test-0045_1.tif,131.9218,131.9219,6.9159,6.9014,6.8743,6.9046,6.8734,6.9046,6.8940,6.9059,6.9159,6.9014,6.8743,6.9046,6.8734,6.9046,6.8940,6.9059
46,D:/These Thien/20220111 test_compare_vba_python/70\Test-0046_0.tif,D:/These Thien/20220111 test_compare_vba_python/70\Test-0046_1.tif,131.9488,131.9487,6.8199,6.8099,6.8315,6.7203,6.7061,6.7609,6.7696,6.7996,6.8199,6.8099,6.8315,6.7203,6.7061,6.7609,6.7696,6.7996
47,D:/These Thien/20220111 test_compare_vba_python/70\Test-0047_0.tif,D:/These Thien/20220111 test_compare_vba_python/70\Test-0047_1.tif,131.9757,131.9757,6.5504,6.5943,6.5627,6.1257,6.1885,6.2797,6.3265,6.3961,6.5504,6.5943,6.5627,6.1257,6.1885,6.2797,6.3265,6.3961
48,D:/These Thien/20220111 test_compare_vba_python/70\Test-0048_0.tif,D:/These Thien/20220111 test_compare_vba_python/70\Test-0048_1.tif,132.0026,132.0027,5.9136,6.0019,6.0529,5.3851,5.4454,5.5704,5.6458,5.7489,5.9136,6.0019,6.0529,5.3851,5.4454,5.5704,5.6458,5.7489
49,D:/These Thien/20220111 test_compare_vba_python/70\Test-0049_0.tif,D:/These Thien/20220111 test_compare_vba_python/70\Test-0049_1.tif,132.0305,132.0295,5.1653,5.2710,5.3013,4.4589,4.5388,4.6877,4.7850,4.9127,5.1653,5.2710,5.3013,4.4589,4.5388,4.6877,4.7850,4.9127
50,D:/These Thien/20220111 test_compare_vba_python/70\Test-0050_0.tif,D:/These Thien/20220111 test_compare_vba_python/70\Test-0050_1.tif,132.0575,132.0574,4.2130,4.3671,4.3748,3.3374,3.4421,3.6210,3.7425,3.8978,4.2130,4.3671,4.3748,3.3374,3.4421,3.6210,3.7425,3.8978
51,D:/These Thien/20220111 test_compare_vba_python/70\Test-0051_0.tif,D:/These Thien/20220111 test_compare_vba_python/70\Test-0051_1.tif,132.0844,132.0844,3.0283,3.2056,3.2904,2.1205,2.2417,2.4331,2.5649,2.7370,3.0283,3.2056,3.2904,2.1205,2.2417,2.4331,2.5649,2.7370
52,D:/These Thien/20220111 test_compare_vba_python/70\Test-0052_0.tif,D:/These Thien/20220111 test_compare_vba_python/70\Test-0052_1.tif,132.1113,132.1114,1.8704,2.0506,2.0928,0.8672,0.9874,1.1885,1.3284,1.5118,1.8704,2.0506,2.0928,0.8672,0.9874,1.1885,1.3284,1.5118
53,D:/These Thien/20220111 test_compare_vba_python/70\Test-0053_0.tif,D:/These Thien/20220111 test_compare_vba_python/70\Test-0053_1.tif,132.1384,132.1382,0.6271,0.8302,0.8604,-0.3323,-0.2311,-0.0374,0.0963,0.2784,0.6271,0.8302,0.8604,-0.3323,-0.2311,-0.0374,0.0963,0.2784
54,D:/These Thien/20220111 test_compare_vba_python/70\Test-0054_0.tif,D:/These Thien/20220111 test_compare_vba_python/70\Test-0054_1.tif,132.1652,132.1652,-0.3871,-0.2620,-0.1998,-0.9356,-0.8328,-0.6961,-0.6326,-0.5279,-0.3871,-0.2620,-0.1998,-0.9356,-0.8328,-0.6961,-0.6326,-0.5279
55,D:/These Thien/20220111 test_compare_vba_python/70\Test-0055_0.tif,D:/These Thien/20220111 test_compare_vba_python/70\Test-0055_1.tif,132.1922,132.1921,-1.2726,-1.0812,-1.0500,-2.5975,-2.4235,-2.1557,-1.9536,-1.7100,-1.2726,-1.0812,-1.0500,-2.5975,-2.4235,-2.1557,-1.9536,-1.7100
56,D:/These Thien/20220111 test_compare_vba_python/70\Test-0056_0.tif,D:/These Thien/20220111 test_compare_vba_python/70\Test-0056_1.tif,132.2190,132.2191,-2.8034,-2.5579,-2.5040,-3.8012,-3.7006,-3.5082,-3.3706,-3.1744,-2.8034,-2.5579,-2.5040,-3.8012,-3.7006,-3.5082,-3.3706,-3.1744
57,D:/These Thien/20220111 test_compare_vba_python/70\Test-0057_0.tif,D:/These Thien/20220111 test_compare_vba_python/70\Test-0057_1.tif,132.2460,132.2459,-3.9903,-3.8115,-3.7267,-4.7673,-4.6752,-4.5121,-4.4025,-4.2414,-3.9903,-3.8115,-3.7267,-4.7673,-4.6752,-4.5121,-4.4025,-4.2414
58,D:/These Thien/20220111 test_compare_vba_python/70\Test-0058_0.tif,D:/These Thien/20220111 test_compare_vba_python/70\Test-0058_1.tif,132.2729,132.2729,-4.8569,-4.7129,-4.7000,-5.5569,-5.4982,-5.3574,-5.2659,-5.1244,-4.8569,-4.7129,-4.7000,-5.5569,-5.4982,-5.3574,-5.2659,-5.1244
59,D:/These Thien/20220111 test_compare_vba_python/70\Test-0059_0.tif,D:/These Thien/20220111 test_compare_vba_python/70\Test-0059_1.tif,132.2998,132.3008,-5.6426,-5.5102,-5.4915,-6.1895,-6.1499,-6.0290,-5.9556,-5.8373,-5.6426,-5.5102,-5.4915,-6.1895,-6.1499,-6.0290,-5.9556,-5.8373
60,D:/These Thien/20220111 test_compare_vba_python/70\Test-0060_0.tif,D:/These Thien/20220111 test_compare_vba_python/70\Test-0060_1.tif,132.3277,132.3278,-6.2788,-6.1831,-6.1280,-6.6826,-6.6613,-6.5627,-6.5079,-6.4103,-6.2788,-6.1831,-6.1280,-6.6826,-6.6613,-6.5627,-6.5079,-6.4103
61,D:/These Thien/20220111 test_compare_vba_python/70\Test-0061_0.tif,D:/These Thien/20220111 test_compare_vba_python/70\Test-0061_1.tif,132.3548,132.3546,-6.6742,-6.6082,-6.6278,-6.9833,-6.9794,-6.9095,-6.8811,-6.8118,-6.6742,-6.6082,-6.6278,-6.9833,-6.9794,-6.9095,-6.8811,-6.8118
62,D:/These Thien/20220111 test_compare_vba_python/70\Test-0062_0.tif,D:/These Thien/20220111 test_compare_vba_python/70\Test-0062_1.tif,132.3816,132.3817,-6.9762,-6.9243,-6.9240,-7.1267,-7.1447,-7.0925,-7.0806,-7.0307,-6.9762,-6.9243,-6.9240,-7.1267,-7.1447,-7.0925,-7.0806,-7.0307
63,D:/These Thien/20220111 test_compare_vba_python/70\Test-0063_0.tif,D:/These Thien/20220111 test_compare_vba_python/70\Test-0063_1.tif,132.4086,132.4085,-7.0993,-7.0880,-7.0674,-7.1170,-7.1679,-7.1338,-7.1380,-7.1048,-7.0993,-7.0880,-7.0674,-7.1170,-7.1679,-7.1338,-7.1380,-7.1048
64,D:/These Thien/20220111 test_compare_vba_python/70\Test-0064_0.tif,D:/These Thien/20220111 test_compare_vba_python/70\Test-0064_1.tif,132.4354,132.4356,-7.0278,-7.0323,-7.0864,-7.0210,-7.0700,-7.0526,-7.0722,-7.0551,-7.0278,-7.0323,-7.0864,-7.0210,-7.0700,-7.0526,-7.0722,-7.0551
65,D:/These Thien/20220111 test_compare_vba_python/70\Test-0065_0.tif,D:/These Thien/20220111 test_compare_vba_python/70\Test-0065_1.tif,132.4623,132.4624,-6.9111,-6.9343,-6.9546,-6.6359,-6.7274,-6.7474,-6.8047,-6.8225,-6.9111,-6.9343,-6.9546,-6.6359,-6.7274,-6.7474,-6.8047,-6.8225
66,D:/These Thien/20220111 test_compare_vba_python/70\Test-0066_0.tif,D:/These Thien/20220111 test_compare_vba_python/70\Test-0066_1.tif,132.4893,132.4894,-6.4809,-6.5630,-6.5843,-5.9968,-6.1254,-6.1782,-6.2704,-6.3197,-6.4809,-6.5630,-6.5843,-5.9968,-6.1254,-6.1782,-6.2704,-6.3197
67,D:/These Thien/20220111 test_compare_vba_python/70\Test-0067_0.tif,D:/These Thien/20220111 test_compare_vba_python/70\Test-0067_1.tif,132.5163,132.5162,-5.7667,-5.8792,-5.9778,-5.1547,-5.3149,-5.3964,-5.5166,-5.5924,-5.7667,-5.8792,-5.9778,-5.1547,-5.3149,-5.3964,-5.5166,-5.5924
68,D:/These Thien/20220111 test_compare_vba_python/70\Test-0068_0.tif,D:/These Thien/20220111 test_compare_vba_python/70\Test-0068_1.tif,132.5432,132.5431,-4.9552,-5.0899,-5.1502,-4.1386,-4.3261,-4.4290,-4.5737,-4.6723,-4.9552,-5.0899,-5.1502,-4.1386,-4.3261,-4.4290,-4.5737,-4.6723
69,D:/These Thien/20220111 test_compare_vba_python/70\Test-0069_0.tif,D:/These Thien/20220111 test_compare_vba_python/70\Test-0069_1.tif,132.5701,132.5713,-3.8991,-4.0796,-4.1512,-2.9617,-3.1679,-3.2936,-3.4625,-3.5830,-3.8991,-4.0796,-4.1512,-2.9617,-3.1679,-3.2936,-3.4625,-3.5830
70,D:/These Thien/20220111 test_compare_vba_python/70\Test-0070_0.tif,D:/These Thien/20220111 test_compare_vba_python/70\Test-0070_1.tif,143.1647,143.1648,1.0155,1.0496,1.0551,1.0238,0.9742,1.0032,0.9832,1.0113,1.0155,1.0496,1.0551,1.0238,0.9742,1.0032,0.9832,1.0113
71,D:/These Thien/20220111 test_compare_vba_python/70\Test-0071_0.tif,D:/These Thien/20220111 test_compare_vba_python/70\Test-0071_1.tif,143.1927,143.1917,1.0503,1.0242,1.0193,1.2594,1.1647,1.1582,1.1067,1.1031,1.0503,1.0242,1.0193,1.2594,1.1647,1.1582,1.1067,1.1031
72,D:/These Thien/20220111 test_compare_vba_python/70\Test-0072_0.tif,D:/These Thien/20220111 test_compare_vba_python/70\Test-0072_1.tif,143.2196,143.2198,1.4096,1.3419,1.2601,1.8566,1.7183,1.6645,1.5669,1.5169,1.4096,1.3419,1.2601,1.8566,1.7183,1.6645,1.5669,1.5169
73,D:/These Thien/20220111 test_compare_vba_python/70\Test-0073_0.tif,D:/These Thien/20220111 test_compare_vba_python/70\Test-0073_1.tif,143.2467,143.2466,2.0184,1.8969,1.8601,2.7854,2.5975,2.5076,2.3722,2.2784,2.0184,1.8969,1.8601,2.7854,2.5975,2.5076,2.3722,2.2784
74,D:/These Thien/20220111 test_compare_vba_python/70\Test-0074_0.tif,D:/These Thien/20220111 test_compare_vba_python/70\Test-0074_1.tif,143.2736,143.2735,3.0151,2.8366,2.7538,3.8749,3.6822,3.5656,3.4093,3.2884,3.0151,2.8366,2.7538,3.8749,3.6822,3.5656,3.4093,3.2884
75,D:/These Thien/20220111 test_compare_vba_python/70\Test-0075_0.tif,D:/These Thien/20220111 test_compare_vba_python/70\Test-0075_1.tif,143.3004,143.3005,4.1405,3.9545,3.8343,5.0593,4.8617,4.7325,4.5659,4.4309,4.1405,3.9545,3.8343,5.0593,4.8617,4.7325,4.5659,4.4309
76,D:/These Thien/20220111 test_compare_vba_python/70\Test-0076_0.tif,D:/These Thien/20220111 test_compare_vba_python/70\Test-0076_1.tif,143.3274,143.3275,5.2607,5.0628,5.0090,6.2285,6.0364,5.9085,5.7444,5.6068,5.2607,5.0628,5.0090,6.2285,6.0364,5.9085,5.7444,5.6068
77,D:/These Thien/20220111 test_compare_vba_python/70\Test-0077_0.tif,D:/These Thien/20220111 test_compare_vba_python/70\Test-0077_1.tif,143.3544,143.3543,6.4589,6.2523,6.1563,7.3007,7.1325,7.0168,6.8659,6.7357,6.4589,6.2523,6.1563,7.3007,7.1325,7.0168,6.8659,6.7357
78,D:/These Thien/20220111 test_compare_vba_python/70\Test-0078_0.tif,D:/These Thien/20220111 test_compare_vba_python/70\Test-0078_1.tif,143.3814,143.3813,7.3274,7.2066,7.1189,7.5546,7.5124,7.5124,7.4657,7.4290,7.3274,7.2066,7.1189,7.5546,7.5124,7.5124,7.4657,7.4290
79,D:/These Thien/20220111 test_compare_vba_python/70\Test-0079_0.tif,D:/These Thien/20220111 test_compare_vba_python/70\Test-0079_1.tif,143.4082,143.4082,7.4663,7.4319,7.4467,7.4918,7.4721,7.4973,7.4847,7.4931,7.4663,7.4319,7.4467,7.4918,7.4721,7.4973,7.4847,7.4931
80,D:/These Thien/20220111 test_compare_vba_python/70\Test-0080_0.tif,D:/These Thien/20220111 test_compare_vba_python/70\Test-0080_1.tif,143.4351,143.4352,7.3958,7.3961,7.3735,7.1434,7.1344,7.2137,7.2440,7.2926,7.3958,7.3961,7.3735,7.1434,7.1344,7.2137,7.2440,7.2926
81,D:/These Thien/20220111 test_compare_vba_python/70\Test-0081_0.tif,D:/These Thien/20220111 test_compare_vba_python/70\Test-0081_1.tif,143.4630,143.4620,6.9649,7.0261,7.0184,6.5437,6.5736,6.6748,6.7296,6.8070,6.9649,7.0261,7.0184,6.5437,6.5736,6.6748,6.7296,6.8070
82,D:/These Thien/20220111 test_compare_vba_python/70\Test-0082_0.tif,D:/These Thien/20220111 test_compare_vba_python/70\Test-0082_1.tif,143.4899,143.4900,6.3065,6.3903,6.4473,5.7551,5.8302,5.9565,6.0342,6.1366,6.3065,6.3903,6.4473,5.7551,5.8302,5.9565,6.0342,6.1366
83,D:/These Thien/20220111 test_compare_vba_python/70\Test-0083_0.tif,D:/These Thien/20220111 test_compare_vba_python/70\Test-0083_1.tif,143.5170,143.5169,5.5607,5.6710,5.6780,4.8414,4.8869,5.0480,5.1518,5.2829,5.5607,5.6710,5.6780,4.8414,4.8869,5.0480,5.1518,5.2829
84,D:/These Thien/20220111 test_compare_vba_python/70\Test-0084_0.tif,D:/These Thien/20220111 test_compare_vba_python/70\Test-0084_1.tif,143.5438,143.5439,4.5536,4.7103,4.7399,3.7212,3.8218,3.9974,4.1147,4.2652,4.5536,4.7103,4.7399,3.7212,3.8218,3.9974,4.1147,4.2652
85,D:/These Thien/20220111 test_compare_vba_python/70\Test-0085_0.tif,D:/These Thien/20220111 test_compare_vba_python/70\Test-0085_1.tif,143.5708,143.5709,3.4173,3.5852,3.6681,2.5169,2.6281,2.8198,2.9523,3.1218,3.4173,3.5852,3.6681,2.5169,2.6281,2.8198,2.9523,3.1218
86,D:/These Thien/20220111 test_compare_vba_python/70\Test-0086_0.tif,D:/These Thien/20220111 test_compare_vba_python/70\Test-0086_1.tif,143.5978,143.5976,2.2594,2.4444,2.4676,1.2504,1.3812,1.5707,1.7061,1.8865,2.2594,2.4444,2.4676,1.2504,1.3812,1.5707,1.7061,1.8865
87,D:/These Thien/20220111 test_compare_vba_python/70\Test-0087_0.tif,D:/These Thien/20220111 test_compare_vba_python/70\Test-0087_1.tif,143.6247,143.6246,0.9813,1.1853,1.2394,0.0290,0.1386,0.3364,0.4721,0.6548,0.9813,1.1853,1.2394,0.0290,0.1386,0.3364,0.4721,0.6548
88,D:/These Thien/20220111 test_compare_vba_python/70\Test-0088_0.tif,D:/These Thien/20220111 test_compare_vba_python/70\Test-0088_1.tif,143.6516,143.6515,-0.1637,-0.0055,0.0702,-0.6897,-0.6600,-0.5482,-0.4889,-0.3697,-0.1637,-0.0055,0.0702,-0.6897,-0.6600,-0.5482,-0.4889,-0.3697
89,D:/These Thien/20220111 test_compare_vba_python/70\Test-0089_0.tif,D:/These Thien/20220111 test_compare_vba_python/70\Test-0089_1.tif,143.6784,143.6785,-0.8141,-0.7074,-0.7267,-1.5324,-1.3912,-1.2253,-1.1447,-1.0268,-0.8141,-0.7074,-0.7267,-1.5324,-1.3912,-1.2253,-1.1447,-1.0268
90,D:/These Thien/20220111 test_compare_vba_python/70\Test-0090_0.tif,D:/These Thien/20220111 test_compare_vba_python/70\Test-0090_1.tif,143.7055,143.7054,-2.0603,-1.8050,-1.7267,-3.3668,-3.2117,-2.9571,-2.7573,-2.5040,-2.0603,-1.8050,-1.7267,-3.3668,-3.2117,-2.9571,-2.7573,-2.5040
91,D:/These Thien/20220111 test_compare_vba_python/70\Test-0091_0.tif,D:/These Thien/20220111 test_compare_vba_python/70\Test-0091_1.tif,143.7324,143.7323,-3.5250,-3.3145,-3.2304,-4.4302,-4.3245,-4.1402,-4.0145,-3.8369,-3.5250,-3.3145,-3.2304,-4.4302,-4.3245,-4.1402,-4.0145,-3.8369
92,D:/These Thien/20220111 test_compare_vba_python/70\Test-0092_0.tif,D:/These Thien/20220111 test_compare_vba_python/70\Test-0092_1.tif,143.7592,143.7602,-4.4902,-4.3326,-4.3313,-5.2146,-5.1470,-5.0003,-4.9062,-4.7644,-4.4902,-4.3326,-4.3313,-5.2146,-5.1470,-5.0003,-4.9062,-4.7644
93,D:/These Thien/20220111 test_compare_vba_python/70\Test-0093_0.tif,D:/These Thien/20220111 test_compare_vba_python/70\Test-0093_1.tif,143.7871,143.7872,-5.2994,-5.1705,-5.1280,-5.8157,-5.7754,-5.6507,-5.5795,-5.4638,-5.2994,-5.1705,-5.1280,-5.8157,-5.7754,-5.6507,-5.5795,-5.4638
94,D:/These Thien/20220111 test_compare_vba_python/70\Test-0094_0.tif,D:/These Thien/20220111 test_compare_vba_python/70\Test-0094_1.tif,143.8141,143.8141,-5.8702,-5.7835,-5.7464,-6.2988,-6.2678,-6.1647,-6.1093,-6.0123,-5.8702,-5.7835,-5.7464,-6.2988,-6.2678,-6.1647,-6.1093,-6.0123
95,D:/These Thien/20220111 test_compare_vba_python/70\Test-0095_0.tif,D:/These Thien/20220111 test_compare_vba_python/70\Test-0095_1.tif,143.8410,143.8412,-6.2769,-6.2024,-6.2298,-6.6114,-6.5978,-6.5202,-6.4876,-6.4141,-6.2769,-6.2024,-6.2298,-6.6114,-6.5978,-6.5202,-6.4876,-6.4141
96,D:/These Thien/20220111 test_compare_vba_python/70\Test-0096_0.tif,D:/These Thien/20220111 test_compare_vba_python/70\Test-0096_1.tif,143.8679,143.8680,-6.6053,-6.5556,-6.5344,-6.7451,-6.7580,-6.7016,-6.6903,-6.6391,-6.6053,-6.5556,-6.5344,-6.7451,-6.7580,-6.7016,-6.6903,-6.6391
97,D:/These Thien/20220111 test_compare_vba_python/70\Test-0097_0.tif,D:/These Thien/20220111 test_compare_vba_python/70\Test-0097_1.tif,143.8949,143.8949,-6.6897,-6.6816,-6.6823,-6.7587,-6.7831,-6.7445,-6.7487,-6.7155,-6.6897,-6.6816,-6.6823,-6.7587,-6.7831,-6.7445,-6.7487,-6.7155
98,D:/These Thien/20220111 test_compare_vba_python/70\Test-0098_0.tif,D:/These Thien/20220111 test_compare_vba_python/70\Test-0098_1.tif,143.9218,143.9220,-6.6510,-6.6488,-6.7026,-6.6384,-6.6861,-6.6668,-6.6868,-6.6694,-6.6510,-6.6488,-6.7026,-6.6384,-6.6861,-6.6668,-6.6868,-6.6694
99,D:/These Thien/20220111 test_compare_vba_python/70\Test-0099_0.tif,D:/These Thien/20220111 test_compare_vba_python/70\Test-0099_1.tif,143.9487,143.9488,-6.5012,-6.5427,-6.5389,-6.1876,-6.2936,-6.3142,-6.3748,-6.3932,-6.5012,-6.5427,-6.5389,-6.1876,-6.2936,-6.3142,-6.3748,-6.3932
100,D:/These Thien/20220111 test_compare_vba_python/70\Test-0100_0.tif,D:/These Thien/20220111 test_compare_vba_python/70\Test-0100_1.tif,143.9757,143.9757,-5.9878,-6.0732,-6.1521,-5.5211,-5.6558,-5.7129,-5.8092,-5.8621,-5.9878,-6.0732,-6.1521,-5.5211,-5.6558,-5.7129,-5.8092,-5.8621
101,D:/These Thien/20220111 test_compare_vba_python/70\Test-0101_0.tif,D:/These Thien/20220111 test_compare_vba_python/70\Test-0101_1.tif,144.0026,144.0035,-5.3303,-5.4367,-5.5047,-4.6565,-4.8221,-4.9062,-5.0297,-5.1070,-5.3303,-5.4367,-5.5047,-4.6565,-4.8221,-4.9062,-5.0297,-5.1070
102,D:/These Thien/20220111 test_compare_vba_python/70\Test-0102_0.tif,D:/These Thien/20220111 test_compare_vba_python/70\Test-0102_1.tif,144.0305,144.0306,-4.4621,-4.6123,-4.6597,-3.6207,-3.8176,-3.9269,-4.0754,-4.1747,-4.4621,-4.6123,-4.6597,-3.6207,-3.8176,-3.9269,-4.0754,-4.1747
103,D:/These Thien/20220111 test_compare_vba_python/70\Test-0103_0.tif,D:/These Thien/20220111 test_compare_vba_python/70\Test-0103_1.tif,144.0574,144.0575,-3.4879,-3.6674,-3.7722,-2.5498,-2.7693,-2.9024,-3.0751,-3.1972,-3.4879,-3.6674,-3.7722,-2.5498,-2.7693,-2.9024,-3.0751,-3.1972
104,D:/These Thien/20220111 test_compare_vba_python/70\Test-0104_0.tif,D:/These Thien/20220111 test_compare_vba_python/70\Test-0104_1.tif,144.0843,144.0844,-2.3026,-2.4876,-2.6039,-1.3310,-1.5463,-1.6732,-1.8469,-1.9755,-2.3026,-2.4876,-2.6039,-1.3310,-1.5463,-1.6732,-1.8469,-1.9755
105,D:/These Thien/20220111 test_compare_vba_python/70\Test-0105_0.tif,D:/These Thien/20220111 test_compare_vba_python/70\Test-0105_1.tif,144.1114,144.1113,-1.1241,-1.3220,-1.3851,-0.1279,-0.3435,-0.4673,-0.6391,-0.7657,-1.1241,-1.3220,-1.3851,-0.1279,-0.3435,-0.4673,-0.6391,-0.7657
106,D:/These Thien/20220111 test_compare_vba_python/70\Test-0106_0.tif,D:/These Thien/20220111 test_compare_vba_python/70\Test-0106_1.tif,144.1383,144.1382,-0.0081,-0.1628,-0.2730,0.3664,0.2817,0.2697,0.1950,0.1502,-0.0081,-0.1628,-0.2730,0.3664,0.2817,0.2697,0.1950,0.1502
107,D:/These Thien/20220111 test_compare_vba_python/70\Test-0107_0.tif,D:/These Thien/20220111 test_compare_vba_python/70\Test-0107_1.tif,144.1651,144.1652,0.6265,0.5105,0.4338,1.2649,1.1299,1.0615,0.9375,0.8527,0.6265,0.5105,0.4338,1.2649,1.1299,1.0615,0.9375,0.8527
108,D:/These Thien/20220111 test_compare_vba_python/70\Test-0108_0.tif,D:/These Thien/20220111 test_compare_vba_python/70\Test-0108_1.tif,144.1922,144.1921,1.7712,1.5263,1.4531,3.2378,2.9594,2.7415,2.4837,2.2678,1.7712,1.5263,1.4531,3.2378,2.9594,2.7415,2.4837,2.2678
109,D:/These Thien/20220111 test_compare_vba_python/70\Test-0109_0.tif,D:/These Thien/20220111 test_compare_vba_python/70\Test-0109_1.tif,144.2190,144.2191,3.6100,3.3787,3.2333,4.5050,4.3229,4.2091,4.0516,3.9188,3.6100,3.3787,3.2333,4.5050,4.3229,4.2091,4.0516,3.9188
110,D:/These Thien/20220111 test_compare_vba_python/70\Test-0110_0.tif,D:/These Thien/20220111 test_compare_vba_python/70\Test-0110_1.tif,144.2460,144.2459,4.6120,4.4486,4.3993,5.3313,5.1814,5.1002,4.9765,4.8801,4.6120,4.4486,4.3993,5.3313,5.1814,5.1002,4.9765,4.8801
111,D:/These Thien/20220111 test_compare_vba_python/70\Test-0111_0.tif,D:/These Thien/20220111 test_compare_vba_python/70\Test-0111_1.tif,144.2728,144.2738,5.4438,5.2997,5.2359,5.9826,5.8514,5.7883,5.6880,5.6142,5.4438,5.2997,5.2359,5.9826,5.8514,5.7883,5.6880,5.6142
112,D:/These Thien/20220111 test_compare_vba_python/70\Test-0112_0.tif,D:/These Thien/20220111 test_compare_vba_python/70\Test-0112_1.tif,144.3007,144.3008,6.0744,5.9697,5.8853,6.5172,6.3896,6.3435,6.2591,6.1992,6.0744,5.9697,5.8853,6.5172,6.3896,6.3435,6.2591,6.1992
113,D:/These Thien/20220111 test_compare_vba_python/70\Test-0113_0.tif,D:/These Thien/20220111 test_compare_vba_python/70\Test-0113_1.tif,144.3278,144.3277,6.5089,6.4209,6.4119,6.8679,6.7802,6.7541,6.6890,6.6478,6.5089,6.4209,6.4119,6.8679,6.7802,6.7541,6.6890,6.6478
114,D:/These Thien/20220111 test_compare_vba_python/70\Test-0114_0.tif,D:/These Thien/20220111 test_compare_vba_python/70\Test-0114_1.tif,144.3548,144.3548,6.8888,6.8141,6.7693,7.0677,6.9994,6.9920,6.9484,6.9288,6.8888,6.8141,6.7693,7.0677,6.9994,6.9920,6.9484,6.9288
115,D:/These Thien/20220111 test_compare_vba_python/70\Test-0115_0.tif,D:/These Thien/20220111 test_compare_vba_python/70\Test-0115_1.tif,144.3817,144.3818,7.0522,7.0187,6.9678,7.1109,7.0638,7.0774,7.0532,7.0516,7.0522,7.0187,6.9678,7.1109,7.0638,7.0774,7.0532,7.0516
116,D:/These Thien/20220111 test_compare_vba_python/70\Test-0116_0.tif,D:/These Thien/20220111 test_compare_vba_python/70\Test-0116_1.tif,144.4087,144.4085,7.0235,7.0042,7.0245,7.0522,7.0113,7.0374,7.0261,7.0384,7.0235,7.0042,7.0245,7.0522,7.0113,7.0374,7.0261,7.0384
117,D:/These Thien/20220111 test_compare_vba_python/70\Test-0117_0.tif,D:/These Thien/20220111 test_compare_vba_python/70\Test-0117_1.tif,144.4355,144.4354,6.9868,6.9729,6.9649,6.8334,6.8286,6.8833,6.8946,6.9281,6.9868,6.9729,6.9649,6.8334,6.8286,6.8833,6.8946,6.9281
118,D:/These Thien/20220111 test_compare_vba_python/70\Test-0118_0.tif,D:/These Thien/20220111 test_compare_vba_python/70\Test-0118_1.tif,144.4623,144.4624,6.7048,6.7490,6.7174,6.3149,6.3390,6.4325,6.4792,6.5495,6.7048,6.7490,6.7174,6.3149,6.3390,6.4325,6.4792,6.5495
119,D:/These Thien/20220111 test_compare_vba_python/70\Test-0119_0.tif,D:/These Thien/20220111 test_compare_vba_python/70\Test-0119_1.tif,144.4893,144.4894,6.0103,6.0899,6.1431,5.4763,5.5324,5.6584,5.7351,5.8385,6.0103,6.0899,6.1431,5.4763,5.5324,5.6584,5.7351,5.8385
120,D:/These Thien/20220111 test_compare_vba_python/70\Test-0120_0.tif,D:/These Thien/20220111 test_compare_vba_python/70\Test-0120_1.tif,144.5161,144.5163,5.2736,5.3861,5.3828,4.5172,4.6278,4.7728,4.8685,4.9958,5.2736,5.3861,5.3828,4.5172,4.6278,4.7728,4.8685,4.9958
121,D:/These Thien/20220111 test_compare_vba_python/70\Test-0121_0.tif,D:/These Thien/20220111 test_compare_vba_python/70\Test-0121_1.tif,144.5441,144.5431,4.2639,4.4206,4.4624,3.4376,3.5391,3.7128,3.8311,3.9832,4.2639,4.4206,4.4624,3.4376,3.5391,3.7128,3.8311,3.9832
122,D:/These Thien/20220111 test_compare_vba_python/70\Test-0122_0.tif,D:/These Thien/20220111 test_compare_vba_python/70\Test-0122_1.tif,144.5710,144.5711,3.1344,3.3020,3.3809,2.2282,2.3335,2.5227,2.6548,2.8273,3.1344,3.3020,3.3809,2.2282,2.3335,2.5227,2.6548,2.8273
123,D:/These Thien/20220111 test_compare_vba_python/70\Test-0123_0.tif,D:/These Thien/20220111 test_compare_vba_python/70\Test-0123_1.tif,144.5980,144.5979,1.9803,2.1669,2.1827,0.9832,1.0976,1.2936,1.4289,1.6091,1.9803,2.1669,2.1827,0.9832,1.0976,1.2936,1.4289,1.6091
124,D:/These Thien/20220111 test_compare_vba_python/70\Test-0124_0.tif,D:/These Thien/20220111 test_compare_vba_python/70\Test-0124_1.tif,144.6250,144.6249,0.7112,0.9117,0.9755,-0.2076,-0.1012,0.0893,0.2198,0.3993,0.7112,0.9117,0.9755,-0.2076,-0.1012,0.0893,0.2198,0.3993
125,D:/These Thien/20220111 test_compare_vba_python/70\Test-0125_0.tif,D:/These Thien/20220111 test_compare_vba_python/70\Test-0125_1.tif,144.6519,144.6518,-0.3052,-0.1727,-0.1180,-0.8953,-0.8215,-0.6826,-0.6114,-0.4940,-0.3052,-0.1727,-0.1180,-0.8953,-0.8215,-0.6826,-0.6114,-0.4940
126,D:/These Thien/20220111 test_compare_vba_python/70\Test-0126_0.tif,D:/These Thien/20220111 test_compare_vba_python/70\Test-0126_1.tif,144.6788,144.6788,-0.9539,-0.8402,-0.8650,-1.9323,-1.7377,-1.5056,-1.3716,-1.2153,-0.9539,-0.8402,-0.8650,-1.9323,-1.7377,-1.5056,-1.3716,-1.2153
127,D:/These Thien/20220111 test_compare_vba_python/70\Test-0127_0.tif,D:/These Thien/20220111 test_compare_vba_python/70\Test-0127_1.tif,144.7059,144.7058,-2.3767,-2.1089,-2.0129,-3.6027,-3.4750,-3.2391,-3.0538,-2.8092,-2.3767,-2.1089,-2.0129,-3.6027,-3.4750,-3.2391,-3.0538,-2.8092
128,D:/These Thien/20220111 test_compare_vba_python/70\Test-0128_0.tif,D:/These Thien/20220111 test_compare_vba_python/70\Test-0128_1.tif,144.7327,144.7328,-3.7486,-3.5521,-3.4770,-4.5962,-4.5115,-4.3387,-4.2217,-4.0503,-3.7486,-3.5521,-3.4770,-4.5962,-4.5115,-4.3387,-4.2217,-4.0503
129,D:/These Thien/20220111 test_compare_vba_python/70\Test-0129_0.tif,D:/These Thien/20220111 test_compare_vba_python/70\Test-0129_1.tif,144.7596,144.7596,-4.6761,-4.5221,-4.5202,-5.3684,-5.3094,-5.1692,-5.0806,-4.9414,-4.6761,-4.5221,-4.5202,-5.3684,-5.3094,-5.1692,-5.0806,-4.9414
130,D:/These Thien/20220111 test_compare_vba_python/70\Test-0130_0.tif,D:/These Thien/20220111 test_compare_vba_python/70\Test-0130_1.tif,144.7866,144.7865,-5.4583,-5.3355,-5.2843,-5.9578,-5.9091,-5.7915,-5.7238,-5.6110,-5.4583,-5.3355,-5.2843,-5.9578,-5.9091,-5.7915,-5.7238,-5.6110
131,D:/These Thien/20220111 test_compare_vba_python/70\Test-0131_0.tif,D:/These Thien/20220111 test_compare_vba_python/70\Test-0131_1.tif,144.8135,144.8135,-5.9962,-5.9104,-5.8872,-6.4303,-6.4093,-6.3072,-6.2514,-6.1531,-5.9962,-5.9104,-5.8872,-6.4303,-6.4093,-6.3072,-6.2514,-6.1531
132,D:/These Thien/20220111 test_compare_vba_python/70\Test-0132_0.tif,D:/These Thien/20220111 test_compare_vba_python/70\Test-0132_1.tif,144.8403,144.8413,-6.4119,-6.3374,-6.3623,-6.6945,-6.7151,-6.6436,-6.6133,-6.5421,-6.4119,-6.3374,-6.3623,-6.6945,-6.7151,-6.6436,-6.6133,-6.5421
133,D:/These Thien/20220111 test_compare_vba_python/70\Test-0133_0.tif,D:/These Thien/20220111 test_compare_vba_python/70\Test-0133_1.tif,144.8682,144.8683,-6.7181,-6.6739,-6.6449,-6.8360,-6.8573,-6.8057,-6.7951,-6.7461,-6.7181,-6.6739,-6.6449,-6.8360,-6.8573,-6.8057,-6.7951,-6.7461
134,D:/These Thien/20220111 test_compare_vba_python/70\Test-0134_0.tif,D:/These Thien/20220111 test_compare_vba_python/70\Test-0134_1.tif,144.8952,144.8953,-6.7777,-6.7706,-6.7835,-6.8357,-6.8740,-6.8405,-6.8457,-6.8125,-6.7777,-6.7706,-6.7835,-6.8357,-6.8740,-6.8405,-6.8457,-6.8125
135,D:/These Thien/20220111 test_compare_vba_python/70\Test-0135_0.tif,D:/These Thien/20220111 test_compare_vba_python/70\Test-0135_1.tif,144.9222,144.9221,-6.7490,-6.7451,-6.7931,-6.7087,-6.7706,-6.7535,-6.7757,-6.7587,-6.7490,-6.7451,-6.7931,-6.7087,-6.7706,-6.7535,-6.7757,-6.7587
136,D:/These Thien/20220111 test_compare_vba_python/70\Test-0136_0.tif,D:/These Thien/20220111 test_compare_vba_python/70\Test-0136_1.tif,144.9491,144.9490,-6.6181,-6.6520,-6.6455,-6.2991,-6.4035,-6.4257,-6.4867,-6.5054,-6.6181,-6.6520,-6.6455,-6.2991,-6.4035,-6.4257,-6.4867,-6.5054
137,D:/These Thien/20220111 test_compare_vba_python/70\Test-0137_0.tif,D:/These Thien/20220111 test_compare_vba_python/70\Test-0137_1.tif,144.9761,144.9759,-6.1212,-6.2079,-6.2656,-5.6478,-5.7802,-5.8382,-5.9336,-5.9852,-6.1212,-6.2079,-6.2656,-5.6478,-5.7802,-5.8382,-5.9336,-5.9852
138,D:/These Thien/20220111 test_compare_vba_python/70\Test-0138_0.tif,D:/These Thien/20220111 test_compare_vba_python/70\Test-0138_1.tif,145.0030,145.0029,-5.4331,-5.5411,-5.6307,-4.7899,-4.9504,-5.0306,-5.1537,-5.2317,-5.4331,-5.5411,-5.6307,-4.7899,-4.9504,-5.0306,-5.1537,-5.2317
139,D:/These Thien/20220111 test_compare_vba_python/70\Test-0139_0.tif,D:/These Thien/20220111 test_compare_vba_python/70\Test-0139_1.tif,145.0298,145.0299,-4.6091,-4.7503,-4.7915,-3.7760,-3.9700,-4.0741,-4.2185,-4.3165,-4.6091,-4.7503,-4.7915,-3.7760,-3.9700,-4.0741,-4.2185,-4.3165
140,D:/These Thien/20220111 test_compare_vba_python/70\Test-0140_0.tif,D:/These Thien/20220111 test_compare_vba_python/70\Test-0140_1.tif,155.7052,155.7054,1.2588,1.2098,1.1344,1.5981,1.4624,1.4351,1.3593,1.3297,1.2588,1.2098,1.1344,1.5981,1.4624,1.4351,1.3593,1.3297
141,D:/These Thien/20220111 test_compare_vba_python/70\Test-0141_0.tif,D:/These Thien/20220111 test_compare_vba_python/70\Test-0141_1.tif,155.7331,155.7322,1.7080,1.6165,1.5868,2.3477,2.1834,2.1073,1.9903,1.9188,1.7080,1.6165,1.5868,2.3477,2.1834,2.1073,1.9903,1.9188
142,D:/These Thien/20220111 test_compare_vba_python/70\Test-0142_0.tif,D:/These Thien/20220111 test_compare_vba_python/70\Test-0142_1.tif,155.7602,155.7601,2.5588,2.4009,2.3313,3.3619,3.1766,3.0670,2.9188,2.8111,2.5588,2.4009,2.3313,3.3619,3.1766,3.0670,2.9188,2.8111
143,D:/These Thien/20220111 test_compare_vba_python/70\Test-0143_0.tif,D:/These Thien/20220111 test_compare_vba_python/70\Test-0143_1.tif,155.7871,155.7870,3.6117,3.4370,3.3187,4.5011,4.3013,4.1753,4.0119,3.8840,3.6117,3.4370,3.3187,4.5011,4.3013,4.1753,4.0119,3.8840
144,D:/These Thien/20220111 test_compare_vba_python/70\Test-0144_0.tif,D:/These Thien/20220111 test_compare_vba_python/70\Test-0144_1.tif,155.8141,155.8140,4.7025,4.5101,4.4521,5.6700,5.4802,5.3506,5.1843,5.0470,4.7025,4.5101,4.4521,5.6700,5.4802,5.3506,5.1843,5.0470
145,D:/These Thien/20220111 test_compare_vba_python/70\Test-0145_0.tif,D:/These Thien/20220111 test_compare_vba_python/70\Test-0145_1.tif,155.8409,155.8410,5.9146,5.7054,5.6149,6.8131,6.6271,6.5021,6.3426,6.2079,5.9146,5.7054,5.6149,6.8131,6.6271,6.5021,6.3426,6.2079
146,D:/These Thien/20220111 test_compare_vba_python/70\Test-0146_0.tif,D:/These Thien/20220111 test_compare_vba_python/70\Test-0146_1.tif,155.8678,155.8679,6.9971,6.8266,6.7187,7.5163,7.4251,7.3771,7.2826,7.1972,6.9971,6.8266,6.7187,7.5163,7.4251,7.3771,7.2826,7.1972
147,D:/These Thien/20220111 test_compare_vba_python/70\Test-0147_0.tif,D:/These Thien/20220111 test_compare_vba_python/70\Test-0147_1.tif,155.8948,155.8948,7.4203,7.3548,7.3555,7.5285,7.4760,7.5005,7.4815,7.4802,7.4203,7.3548,7.3555,7.5285,7.4760,7.5005,7.4815,7.4802
148,D:/These Thien/20220111 test_compare_vba_python/70\Test-0148_0.tif,D:/These Thien/20220111 test_compare_vba_python/70\Test-0148_1.tif,155.9218,155.9217,7.4605,7.4509,7.4019,7.2514,7.2591,7.3191,7.3361,7.3706,7.4605,7.4509,7.4019,7.2514,7.2591,7.3191,7.3361,7.3706
149,D:/These Thien/20220111 test_compare_vba_python/70\Test-0149_0.tif,D:/These Thien/20220111 test_compare_vba_python/70\Test-0149_1.tif,155.9487,155.9486,7.0735,7.1234,7.1408,6.7283,6.7560,6.8456,6.8920,6.9600,7.0735,7.1234,7.1408,6.7283,6.7560,6.8456,6.8920,6.9600
150,D:/These Thien/20220111 test_compare_vba_python/70\Test-0150_0.tif,D:/These Thien/20220111 test_compare_vba_python/70\Test-0150_1.tif,155.9755,155.9765,6.5285,6.5943,6.6339,6.0155,6.0812,6.1988,6.2675,6.3609,6.5285,6.5943,6.6339,6.0155,6.0812,6.1988,6.2675,6.3609
151,D:/These Thien/20220111 test_compare_vba_python/70\Test-0151_0.tif,D:/These Thien/20220111 test_compare_vba_python/70\Test-0151_1.tif,156.0036,156.0035,5.8260,5.9336,5.9243,5.1179,5.2030,5.3445,5.4360,5.5569,5.8260,5.9336,5.9243,5.1179,5.2030,5.3445,5.4360,5.5569
152,D:/These Thien/20220111 test_compare_vba_python/70\Test-0152_0.tif,D:/These Thien/20220111 test_compare_vba_python/70\Test-0152_1.tif,156.0305,156.0304,4.8563,4.9993,5.0551,4.0799,4.1888,4.3548,4.4650,4.6068,4.8563,4.9993,5.0551,4.0799,4.1888,4.3548,4.4650,4.6068
153,D:/These Thien/20220111 test_compare_vba_python/70\Test-0153_0.tif,D:/These Thien/20220111 test_compare_vba_python/70\Test-0153_1.tif,156.0573,156.0574,3.8105,3.9645,4.0271,2.9114,3.0203,3.2079,3.3377,3.5034,3.8105,3.9645,4.0271,2.9114,3.0203,3.2079,3.3377,3.5034
154,D:/These Thien/20220111 test_compare_vba_python/70\Test-0154_0.tif,D:/These Thien/20220111 test_compare_vba_python/70\Test-0154_1.tif,156.0843,156.0842,2.6590,2.8453,2.8611,1.6642,1.7837,1.9797,2.1166,2.2945,2.6590,2.8453,2.8611,1.6642,1.7837,1.9797,2.1166,2.2945
155,D:/These Thien/20220111 test_compare_vba_python/70\Test-0155_0.tif,D:/These Thien/20220111 test_compare_vba_python/70\Test-0155_1.tif,156.1113,156.1112,1.3687,1.5688,1.6484,0.4383,0.5472,0.7428,0.8772,1.0586,1.3687,1.5688,1.6484,0.4383,0.5472,0.7428,0.8772,1.0586
156,D:/These Thien/20220111 test_compare_vba_python/70\Test-0156_0.tif,D:/These Thien/20220111 test_compare_vba_python/70\Test-0156_1.tif,156.1383,156.1384,0.2017,0.3793,0.4392,-0.5285,-0.4982,-0.3564,-0.2588,-0.1006,0.2017,0.3793,0.4392,-0.5285,-0.4982,-0.3564,-0.2588,-0.1006
157,D:/These Thien/20220111 test_compare_vba_python/70\Test-0157_0.tif,D:/These Thien/20220111 test_compare_vba_python/70\Test-0157_1.tif,156.1651,156.1651,-0.6010,-0.4747,-0.4847,-1.0973,-1.0957,-0.9907,-0.9323,-0.8176,-0.6010,-0.4747,-0.4847,-1.0973,-1.0957,-0.9907,-0.9323,-0.8176
158,D:/These Thien/20220111 test_compare_vba_python/70\Test-0158_0.tif,D:/These Thien/20220111 test_compare_vba_python/70\Test-0158_1.tif,156.1921,156.1920,-1.4451,-1.2743,-1.2133,-2.7554,-2.5414,-2.2543,-2.0425,-1.8012,-1.4451,-1.2743,-1.2133,-2.7554,-2.5414,-2.2543,-2.0425,-1.8012
159,D:/These Thien/20220111 test_compare_vba_python/70\Test-0159_0.tif,D:/These Thien/20220111 test_compare_vba_python/70\Test-0159_1.tif,156.2190,156.2189,-3.0000,-2.7528,-2.6713,-4.0229,-3.9346,-3.7474,-3.6072,-3.4028,-3.0000,-2.7528,-2.6713,-4.0229,-3.9346,-3.7474,-3.6072,-3.4028
160,D:/These Thien/20220111 test_compare_vba_python/70\Test-0160_0.tif,D:/These Thien/20220111 test_compare_vba_python/70\Test-0160_1.tif,156.2458,156.2459,-4.1621,-3.9771,-3.9600,-4.9037,-4.8382,-4.6916,-4.5969,-4.4467,-4.1621,-3.9771,-3.9600,-4.9037,-4.8382,-4.6916,-4.5969,-4.4467
161,D:/These Thien/20220111 test_compare_vba_python/70\Test-0161_0.tif,D:/These Thien/20220111 test_compare_vba_python/70\Test-0161_1.tif,156.2737,156.2728,-5.0442,-4.9085,-4.8405,-5.5604,-5.5089,-5.3961,-5.3284,-5.2098,-5.0442,-4.9085,-4.8405,-5.5604,-5.5089,-5.3961,-5.3284,-5.2098
162,D:/These Thien/20220111 test_compare_vba_python/70\Test-0162_0.tif,D:/These Thien/20220111 test_compare_vba_python/70\Test-0162_1.tif,156.3008,156.3007,-5.6175,-5.5231,-5.5128,-6.0787,-6.0522,-5.9494,-5.8950,-5.7944,-5.6175,-5.5231,-5.5128,-6.0787,-6.0522,-5.9494,-5.8950,-5.7944
163,D:/These Thien/20220111 test_compare_vba_python/70\Test-0163_0.tif,D:/These Thien/20220111 test_compare_vba_python/70\Test-0163_1.tif,156.3276,156.3277,-6.1164,-6.0258,-6.0358,-6.4509,-6.4515,-6.3739,-6.3371,-6.2559,-6.1164,-6.0258,-6.0358,-6.4509,-6.4515,-6.3739,-6.3371,-6.2559
164,D:/These Thien/20220111 test_compare_vba_python/70\Test-0164_0.tif,D:/These Thien/20220111 test_compare_vba_python/70\Test-0164_1.tif,156.3546,156.3547,-6.4899,-6.4383,-6.3996,-6.6336,-6.6549,-6.5985,-6.5853,-6.5308,-6.4899,-6.4383,-6.3996,-6.6336,-6.6549,-6.5985,-6.5853,-6.5308
165,D:/These Thien/20220111 test_compare_vba_python/70\Test-0165_0.tif,D:/These Thien/20220111 test_compare_vba_python/70\Test-0165_1.tif,156.3816,156.3817,-6.5888,-6.5724,-6.5966,-6.6784,-6.7113,-6.6736,-6.6781,-6.6420,-6.5888,-6.5724,-6.5966,-6.6784,-6.7113,-6.6736,-6.6781,-6.6420
166,D:/These Thien/20220111 test_compare_vba_python/70\Test-0166_0.tif,D:/These Thien/20220111 test_compare_vba_python/70\Test-0166_1.tif,156.4084,156.4086,-6.6294,-6.6143,-6.6475,-6.6188,-6.6668,-6.6442,-6.6607,-6.6388,-6.6294,-6.6143,-6.6475,-6.6188,-6.6668,-6.6442,-6.6607,-6.6388
167,D:/These Thien/20220111 test_compare_vba_python/70\Test-0167_0.tif,D:/These Thien/20220111 test_compare_vba_python/70\Test-0167_1.tif,156.4353,156.4354,-6.5614,-6.5827,-6.5708,-6.3210,-6.4100,-6.4232,-6.4731,-6.4799,-6.5614,-6.5827,-6.5708,-6.3210,-6.4100,-6.4232,-6.4731,-6.4799
168,D:/These Thien/20220111 test_compare_vba_python/70\Test-0168_0.tif,D:/These Thien/20220111 test_compare_vba_python/70\Test-0168_1.tif,156.4622,156.4624,-6.1505,-6.2205,-6.2868,-5.7735,-5.8905,-5.9336,-6.0155,-6.0538,-6.1505,-6.2205,-6.2868,-5.7735,-5.8905,-5.9336,-6.0155,-6.0538
169,D:/These Thien/20220111 test_compare_vba_python/70\Test-0169_0.tif,D:/These Thien/20220111 test_compare_vba_python/70\Test-0169_1.tif,156.4892,156.4894,-5.5882,-5.6794,-5.7467,-4.9939,-5.1457,-5.2166,-5.3287,-5.3961,-5.5882,-5.6794,-5.7467,-4.9939,-5.1457,-5.2166,-5.3287,-5.3961
170,D:/These Thien/20220111 test_compare_vba_python/70\Test-0170_0.tif,D:/These Thien/20220111 test_compare_vba_python/70\Test-0170_1.tif,156.5162,156.5161,-4.8115,-4.9485,-4.9862,-4.0332,-4.2124,-4.3100,-4.4493,-4.5401,-4.8115,-4.9485,-4.9862,-4.0332,-4.2124,-4.3100,-4.4493,-4.5401
171,D:/These Thien/20220111 test_compare_vba_python/70\Test-0171_0.tif,D:/These Thien/20220111 test_compare_vba_python/70\Test-0171_1.tif,156.5430,156.5440,-3.7793,-3.9443,-4.0590,-2.9314,-3.1292,-3.2462,-3.4061,-3.5182,-3.7793,-3.9443,-4.0590,-2.9314,-3.1292,-3.2462,-3.4061,-3.5182
172,D:/These Thien/20220111 test_compare_vba_python/70\Test-0172_0.tif,D:/These Thien/20220111 test_compare_vba_python/70\Test-0172_1.tif,156.5709,156.5710,-2.6935,-2.8676,-2.9639,-1.7357,-1.9339,-2.0574,-2.2314,-2.3580,-2.6935,-2.8676,-2.9639,-1.7357,-1.9339,-2.0574,-2.2314,-2.3580
173,D:/These Thien/20220111 test_compare_vba_python/70\Test-0173_0.tif,D:/These Thien/20220111 test_compare_vba_python/70\Test-0173_1.tif,156.5980,156.5979,-1.5150,-1.7116,-1.7786,-0.5472,-0.7454,-0.8701,-1.0416,-1.1676,-1.5150,-1.7116,-1.7786,-0.5472,-0.7454,-0.8701,-1.0416,-1.1676
174,D:/These Thien/20220111 test_compare_vba_python/70\Test-0174_0.tif,D:/These Thien/20220111 test_compare_vba_python/70\Test-0174_1.tif,156.6249,156.6248,-0.3065,-0.4886,-0.6220,0.2768,0.1708,0.1225,0.0074,-0.0770,-0.3065,-0.4886,-0.6220,0.2768,0.1708,0.1225,0.0074,-0.0770
175,D:/These Thien/20220111 test_compare_vba_python/70\Test-0175_0.tif,D:/These Thien/20220111 test_compare_vba_python/70\Test-0175_1.tif,156.6517,156.6518,0.3484,0.2488,0.1956,1.0267,0.8630,0.7750,0.6442,0.5646,0.3484,0.2488,0.1956,1.0267,0.8630,0.7750,0.6442,0.5646
176,D:/These Thien/20220111 test_compare_vba_python/70\Test-0176_0.tif,D:/These Thien/20220111 test_compare_vba_python/70\Test-0176_1.tif,156.6787,156.6788,1.2601,1.0728,1.0077,2.6758,2.3448,2.1086,1.8521,1.6584,1.2601,1.0728,1.0077,2.6758,2.3448,2.1086,1.8521,1.6584
177,D:/These Thien/20220111 test_compare_vba_python/70\Test-0177_0.tif,D:/These Thien/20220111 test_compare_vba_python/70\Test-0177_1.tif,156.7057,156.7056,2.9919,2.7177,2.5498,4.0470,3.8617,3.7348,3.5501,3.3832,2.9919,2.7177,2.5498,4.0470,3.8617,3.7348,3.5501,3.3832
178,D:/These Thien/20220111 test_compare_vba_python/70\Test-0178_0.tif,D:/These Thien/20220111 test_compare_vba_python/70\Test-0178_1.tif,156.7326,156.7325,4.1866,4.0006,3.9413,4.9826,4.8244,4.7348,4.5997,4.4908,4.1866,4.0006,3.9413,4.9826,4.8244,4.7348,4.5997,4.4908
179,D:/These Thien/20220111 test_compare_vba_python/70\Test-0179_0.tif,D:/These Thien/20220111 test_compare_vba_python/70\Test-0179_1.tif,156.7594,156.7596,5.1063,4.9491,4.8862,5.6780,5.5504,5.4898,5.3848,5.3049,5.1063,4.9491,4.8862,5.6780,5.5504,5.4898,5.3848,5.3049
180,D:/These Thien/20220111 test_compare_vba_python/70\Test-0180_0.tif,D:/These Thien/20220111 test_compare_vba_python/70\Test-0180_1.tif,156.7865,156.7864,5.8037,5.6877,5.5962,6.2552,6.1450,6.0967,6.0061,5.9397,5.8037,5.6877,5.5962,6.2552,6.1450,6.0967,6.0061,5.9397
181,D:/These Thien/20220111 test_compare_vba_python/70\Test-0181_0.tif,D:/These Thien/20220111 test_compare_vba_python/70\Test-0181_1.tif,156.8133,156.8143,6.3023,6.2046,6.1847,6.6938,6.6049,6.5756,6.5047,6.4570,6.3023,6.2046,6.1847,6.6938,6.6049,6.5756,6.5047,6.4570
182,D:/These Thien/20220111 test_compare_vba_python/70\Test-0182_0.tif,D:/These Thien/20220111 test_compare_vba_python/70\Test-0182_1.tif,156.8413,156.8413,6.7386,6.6520,6.6110,6.9536,6.8891,6.8817,6.8324,6.8050,6.7386,6.6520,6.6110,6.9536,6.8891,6.8817,6.8324,6.8050
183,D:/These Thien/20220111 test_compare_vba_python/70\Test-0183_0.tif,D:/These Thien/20220111 test_compare_vba_python/70\Test-0183_1.tif,156.8682,156.8682,6.9797,6.9333,6.8727,7.0754,7.0396,7.0471,7.0119,6.9994,6.9797,6.9333,6.8727,7.0754,7.0396,7.0471,7.0119,6.9994
184,D:/These Thien/20220111 test_compare_vba_python/70\Test-0184_0.tif,D:/These Thien/20220111 test_compare_vba_python/70\Test-0184_1.tif,156.8951,156.8952,7.0045,6.9797,6.9968,7.0393,7.0065,7.0342,7.0216,7.0309,7.0045,6.9797,6.9968,7.0393,7.0065,7.0342,7.0216,7.0309
185,D:/These Thien/20220111 test_compare_vba_python/70\Test-0185_0.tif,D:/These Thien/20220111 test_compare_vba_python/70\Test-0185_1.tif,156.9220,156.9222,7.0135,6.9916,6.9668,6.9230,6.9075,6.9481,6.9462,6.9665,7.0135,6.9916,6.9668,6.9230,6.9075,6.9481,6.9462,6.9665
186,D:/These Thien/20220111 test_compare_vba_python/70\Test-0186_0.tif,D:/These Thien/20220111 test_compare_vba_python/70\Test-0186_1.tif,156.9490,156.9489,6.8057,6.8363,6.8092,6.4911,6.5095,6.5920,6.6281,6.6874,6.8057,6.8363,6.8092,6.4911,6.5095,6.5920,6.6281,6.6874
187,D:/These Thien/20220111 test_compare_vba_python/70\Test-0187_0.tif,D:/These Thien/20220111 test_compare_vba_python/70\Test-0187_1.tif,156.9760,156.9759,6.2826,6.3481,6.3967,5.8298,5.8833,5.9939,6.0574,6.1463,6.2826,6.3481,6.3967,5.8298,5.8833,5.9939,6.0574,6.1463
188,D:/These Thien/20220111 test_compare_vba_python/70\Test-0188_0.tif,D:/These Thien/20220111 test_compare_vba_python/70\Test-0188_1.tif,157.0028,157.0029,5.6387,5.7309,5.7383,4.9752,5.0483,5.1892,5.2775,5.3935,5.6387,5.7309,5.7383,4.9752,5.0483,5.1892,5.2775,5.3935
189,D:/These Thien/20220111 test_compare_vba_python/70\Test-0189_0.tif,D:/These Thien/20220111 test_compare_vba_python/70\Test-0189_1.tif,157.0298,157.0297,4.6039,4.7473,4.8012,3.8266,3.9268,4.0954,4.2085,4.3522,4.6039,4.7473,4.8012,3.8266,3.9268,4.0954,4.2085,4.3522
190,D:/These Thien/20220111 test_compare_vba_python/70\Test-0190_0.tif,D:/These Thien/20220111 test_compare_vba_python/70\Test-0190_1.tif,157.0567,157.0567,3.6371,3.7989,3.8817,2.7535,2.8582,3.0438,3.1740,3.3419,3.6371,3.7989,3.8817,2.7535,2.8582,3.0438,3.1740,3.3419
191,D:/These Thien/20220111 test_compare_vba_python/70\Test-0191_0.tif,D:/These Thien/20220111 test_compare_vba_python/70\Test-0191_1.tif,157.0836,157.0845,2.5134,2.6913,2.7083,1.5263,1.6445,1.8395,1.9742,2.1505,2.5134,2.6913,2.7083,1.5263,1.6445,1.8395,1.9742,2.1505
192,D:/These Thien/20220111 test_compare_vba_python/70\Test-0192_0.tif,D:/These Thien/20220111 test_compare_vba_python/70\Test-0192_1.tif,157.1115,157.1116,1.2468,1.4476,1.5143,0.2720,0.3877,0.5914,0.7341,0.9230,1.2468,1.4476,1.5143,0.2720,0.3877,0.5914,0.7341,0.9230
193,D:/These Thien/20220111 test_compare_vba_python/70\Test-0193_0.tif,D:/These Thien/20220111 test_compare_vba_python/70\Test-0193_1.tif,157.1387,157.1384,0.0564,0.2294,0.3016,-0.5524,-0.5446,-0.4267,-0.3490,-0.2079,0.0564,0.2294,0.3016,-0.5524,-0.5446,-0.4267,-0.3490,-0.2079
194,D:/These Thien/20220111 test_compare_vba_python/70\Test-0194_0.tif,D:/These Thien/20220111 test_compare_vba_python/70\Test-0194_1.tif,157.1653,157.1655,-0.6758,-0.5572,-0.5695,-1.1454,-1.1428,-1.0451,-0.9949,-0.8875,-0.6758,-0.5572,-0.5695,-1.1454,-1.1428,-1.0451,-0.9949,-0.8875
195,D:/These Thien/20220111 test_compare_vba_python/70\Test-0195_0.tif,D:/These Thien/20220111 test_compare_vba_python/70\Test-0195_1.tif,157.1923,157.1924,-1.6997,-1.4857,-1.4054,-3.0593,-2.8666,-2.5836,-2.3680,-2.1099,-1.6997,-1.4857,-1.4054,-3.0593,-2.8666,-2.5836,-2.3680,-2.1099
196,D:/These Thien/20220111 test_compare_vba_python/70\Test-0196_0.tif,D:/These Thien/20220111 test_compare_vba_python/70\Test-0196_1.tif,157.2193,157.2192,-3.2465,-3.0142,-2.9388,-4.1998,-4.1202,-3.9365,-3.8054,-3.6149,-3.2465,-3.0142,-2.9388,-4.1998,-4.1202,-3.9365,-3.8054,-3.6149
197,D:/These Thien/20220111 test_compare_vba_python/70\Test-0197_0.tif,D:/These Thien/20220111 test_compare_vba_python/70\Test-0197_1.tif,157.2462,157.2461,-4.3249,-4.1512,-4.1402,-5.0313,-4.9926,-4.8402,-4.7438,-4.5985,-4.3249,-4.1512,-4.1402,-5.0313,-4.9926,-4.8402,-4.7438,-4.5985
198,D:/These Thien/20220111 test_compare_vba_python/70\Test-0198_0.tif,D:/These Thien/20220111 test_compare_vba_python/70\Test-0198_1.tif,157.2731,157.2732,-5.0915,-4.9488,-4.9066,-5.6297,-5.5856,-5.4638,-5.3932,-5.2733,-5.0915,-4.9488,-4.9066,-5.6297,-5.5856,-5.4638,-5.3932,-5.2733
199,D:/These Thien/20220111 test_compare_vba_python/70\Test-0199_0.tif,D:/These Thien/20220111 test_compare_vba_python/70\Test-0199_1.tif,157.3000,157.3001,-5.7554,-5.6591,-5.6565,-6.2356,-6.2008,-6.0951,-6.0374,-5.9365,-5.7554,-5.6591,-5.6565,-6.2356,-6.2008,-6.0951,-6.0374,-5.9365
200,D:/These Thien/20220111 test_compare_vba_python/70\Test-0200_0.tif,D:/These Thien/20220111 test_compare_vba_python/70\Test-0200_1.tif,157.3271,157.3272,-6.2595,-6.1715,-6.1741,-6.5866,-6.5795,-6.4989,-6.4618,-6.3832,-6.2595,-6.1715,-6.1741,-6.5866,-6.5795,-6.4989,-6.4618,-6.3832
201,D:/These Thien/20220111 test_compare_vba_python/70\Test-0201_0.tif,D:/These Thien/20220111 test_compare_vba_python/70\Test-0201_1.tif,157.3541,157.3543,-6.5988,-6.5537,-6.5173,-6.7587,-6.7648,-6.7064,-6.6916,-6.6384,-6.5988,-6.5537,-6.5173,-6.7587,-6.7648,-6.7064,-6.6916,-6.6384
202,D:/These Thien/20220111 test_compare_vba_python/70\Test-0202_0.tif,D:/These Thien/20220111 test_compare_vba_python/70\Test-0202_1.tif,157.3820,157.3822,-6.6874,-6.6704,-6.7032,-6.7906,-6.8192,-6.7796,-6.7822,-6.7458,-6.6874,-6.6704,-6.7032,-6.7906,-6.8192,-6.7796,-6.7822,-6.7458
203,D:/These Thien/20220111 test_compare_vba_python/70\Test-0203_0.tif,D:/These Thien/20220111 test_compare_vba_python/70\Test-0203_1.tif,157.4357,157.4359,-6.6359,-6.6639,-6.6552,-6.3996,-6.4828,-6.4931,-6.5431,-6.5518,-6.6359,-6.6639,-6.6552,-6.3996,-6.4828,-6.4931,-6.5431,-6.5518
204,D:/These Thien/20220111 test_compare_vba_python/70\Test-0204_0.tif,D:/These Thien/20220111 test_compare_vba_python/70\Test-0204_1.tif,157.4627,157.4626,-6.2130,-6.2823,-6.3571,-5.8254,-5.9498,-5.9949,-6.0774,-6.1170,-6.2130,-6.2823,-6.3571,-5.8254,-5.9498,-5.9949,-6.0774,-6.1170
205,D:/These Thien/20220111 test_compare_vba_python/70\Test-0205_0.tif,D:/These Thien/20220111 test_compare_vba_python/70\Test-0205_1.tif,157.4896,157.4895,-5.6471,-5.7412,-5.8009,-5.0358,-5.1844,-5.2569,-5.3719,-5.4409,-5.6471,-5.7412,-5.8009,-5.0358,-5.1844,-5.2569,-5.3719,-5.4409
206,D:/These Thien/20220111 test_compare_vba_python/70\Test-0206_0.tif,D:/These Thien/20220111 test_compare_vba_python/70\Test-0206_1.tif,157.5165,157.5164,-4.8466,-4.9871,-5.0297,-4.0890,-4.2685,-4.3577,-4.4921,-4.5820,-4.8466,-4.9871,-5.0297,-4.0890,-4.2685,-4.3577,-4.4921,-4.5820
207,D:/These Thien/20220111 test_compare_vba_python/70\Test-0207_0.tif,D:/These Thien/20220111 test_compare_vba_python/70\Test-0207_1.tif,157.5434,157.5435,-3.8089,-3.9749,-4.0977,-2.9697,-3.1631,-3.2759,-3.4354,-3.5475,-3.8089,-3.9749,-4.0977,-2.9697,-3.1631,-3.2759,-3.4354,-3.5475
208,D:/These Thien/20220111 test_compare_vba_python/70\Test-0208_0.tif,D:/These Thien/20220111 test_compare_vba_python/70\Test-0208_1.tif,157.5703,157.5704,-2.7270,-2.9024,-2.9881,-1.7628,-1.9646,-2.0880,-2.2591,-2.3842,-2.7270,-2.9024,-2.9881,-1.7628,-1.9646,-2.0880,-2.2591,-2.3842
209,D:/These Thien/20220111 test_compare_vba_python/70\Test-0209_0.tif,D:/These Thien/20220111 test_compare_vba_python/70\Test-0209_1.tif,157.5973,157.5972,-1.5308,-1.7290,-1.8041,-0.5608,-0.7715,-0.8933,-1.0638,-1.1911,-1.5308,-1.7290,-1.8041,-0.5608,-0.7715,-0.8933,-1.0638,-1.1911
