<application>
  <component name="ProjectManager">
    <defaultProject>
      <component name="ProjectRootManager" version="2" project-jdk-name="Python 2.7" project-jdk-type="Python SDK" />
      <component name="PropertiesComponent">
        <property name="settings.editor.selected.configurable" value="MTConfigurable" />
      </component>
      <component name="PylintConfigService">
        <option name="pylintrcPath" value="/media/sf_vm_shared/pylintrc" />
      </component>
      <component name="accountSettings">
        <option name="activeProfile" value="profile:default" />
        <option name="activeRegion" value="us-west-1" />
        <option name="recentlyUsedProfiles">
          <list>
            <option value="profile:default" />
          </list>
        </option>
        <option name="recentlyUsedRegions">
          <list>
            <option value="us-west-1" />
          </list>
        </option>
      </component>
    </defaultProject>
  </component>
</application>